--
-- PostgreSQL database dump
--

-- Dumped from database version 14.8 (Ubuntu 14.8-0ubuntu0.22.04.1)
-- Dumped by pg_dump version 14.8 (Ubuntu 14.8-0ubuntu0.22.04.1)

-- Started on 2023-05-25 13:08:58 CEST

SET statement_timeout = 0;
SET lock_timeout = 0;
SET idle_in_transaction_session_timeout = 0;
SET client_encoding = 'UTF8';
SET standard_conforming_strings = on;
SELECT pg_catalog.set_config('search_path', '', false);
SET check_function_bodies = false;
SET xmloption = content;
SET client_min_messages = warning;
SET row_security = off;

--
-- TOC entry 2090 (class 2328 OID 20205)
-- Name: heroku; Type: FOREIGN DATA WRAPPER; Schema: -; Owner: postgres
--

CREATE FOREIGN DATA WRAPPER heroku;


ALTER FOREIGN DATA WRAPPER heroku OWNER TO postgres;

SET default_tablespace = '';

SET default_table_access_method = heap;

--
-- TOC entry 219 (class 1259 OID 19959)
-- Name: auth_group; Type: TABLE; Schema: public; Owner: postgres
--

CREATE TABLE public.auth_group (
    id integer NOT NULL,
    name character varying(150) NOT NULL
);


ALTER TABLE public.auth_group OWNER TO postgres;

--
-- TOC entry 218 (class 1259 OID 19958)
-- Name: auth_group_id_seq; Type: SEQUENCE; Schema: public; Owner: postgres
--

ALTER TABLE public.auth_group ALTER COLUMN id ADD GENERATED BY DEFAULT AS IDENTITY (
    SEQUENCE NAME public.auth_group_id_seq
    START WITH 1
    INCREMENT BY 1
    NO MINVALUE
    NO MAXVALUE
    CACHE 1
);


--
-- TOC entry 221 (class 1259 OID 19967)
-- Name: auth_group_permissions; Type: TABLE; Schema: public; Owner: postgres
--

CREATE TABLE public.auth_group_permissions (
    id bigint NOT NULL,
    group_id integer NOT NULL,
    permission_id integer NOT NULL
);


ALTER TABLE public.auth_group_permissions OWNER TO postgres;

--
-- TOC entry 220 (class 1259 OID 19966)
-- Name: auth_group_permissions_id_seq; Type: SEQUENCE; Schema: public; Owner: postgres
--

ALTER TABLE public.auth_group_permissions ALTER COLUMN id ADD GENERATED BY DEFAULT AS IDENTITY (
    SEQUENCE NAME public.auth_group_permissions_id_seq
    START WITH 1
    INCREMENT BY 1
    NO MINVALUE
    NO MAXVALUE
    CACHE 1
);


--
-- TOC entry 217 (class 1259 OID 19953)
-- Name: auth_permission; Type: TABLE; Schema: public; Owner: postgres
--

CREATE TABLE public.auth_permission (
    id integer NOT NULL,
    name character varying(255) NOT NULL,
    content_type_id integer NOT NULL,
    codename character varying(100) NOT NULL
);


ALTER TABLE public.auth_permission OWNER TO postgres;

--
-- TOC entry 216 (class 1259 OID 19952)
-- Name: auth_permission_id_seq; Type: SEQUENCE; Schema: public; Owner: postgres
--

ALTER TABLE public.auth_permission ALTER COLUMN id ADD GENERATED BY DEFAULT AS IDENTITY (
    SEQUENCE NAME public.auth_permission_id_seq
    START WITH 1
    INCREMENT BY 1
    NO MINVALUE
    NO MAXVALUE
    CACHE 1
);


--
-- TOC entry 223 (class 1259 OID 19973)
-- Name: auth_user; Type: TABLE; Schema: public; Owner: postgres
--

CREATE TABLE public.auth_user (
    id integer NOT NULL,
    password character varying(128) NOT NULL,
    last_login timestamp with time zone,
    is_superuser boolean NOT NULL,
    username character varying(150) NOT NULL,
    first_name character varying(150) NOT NULL,
    last_name character varying(150) NOT NULL,
    email character varying(254) NOT NULL,
    is_staff boolean NOT NULL,
    is_active boolean NOT NULL,
    date_joined timestamp with time zone NOT NULL
);


ALTER TABLE public.auth_user OWNER TO postgres;

--
-- TOC entry 225 (class 1259 OID 19981)
-- Name: auth_user_groups; Type: TABLE; Schema: public; Owner: postgres
--

CREATE TABLE public.auth_user_groups (
    id bigint NOT NULL,
    user_id integer NOT NULL,
    group_id integer NOT NULL
);


ALTER TABLE public.auth_user_groups OWNER TO postgres;

--
-- TOC entry 224 (class 1259 OID 19980)
-- Name: auth_user_groups_id_seq; Type: SEQUENCE; Schema: public; Owner: postgres
--

ALTER TABLE public.auth_user_groups ALTER COLUMN id ADD GENERATED BY DEFAULT AS IDENTITY (
    SEQUENCE NAME public.auth_user_groups_id_seq
    START WITH 1
    INCREMENT BY 1
    NO MINVALUE
    NO MAXVALUE
    CACHE 1
);


--
-- TOC entry 222 (class 1259 OID 19972)
-- Name: auth_user_id_seq; Type: SEQUENCE; Schema: public; Owner: postgres
--

ALTER TABLE public.auth_user ALTER COLUMN id ADD GENERATED BY DEFAULT AS IDENTITY (
    SEQUENCE NAME public.auth_user_id_seq
    START WITH 1
    INCREMENT BY 1
    NO MINVALUE
    NO MAXVALUE
    CACHE 1
);


--
-- TOC entry 227 (class 1259 OID 19987)
-- Name: auth_user_user_permissions; Type: TABLE; Schema: public; Owner: postgres
--

CREATE TABLE public.auth_user_user_permissions (
    id bigint NOT NULL,
    user_id integer NOT NULL,
    permission_id integer NOT NULL
);


ALTER TABLE public.auth_user_user_permissions OWNER TO postgres;

--
-- TOC entry 226 (class 1259 OID 19986)
-- Name: auth_user_user_permissions_id_seq; Type: SEQUENCE; Schema: public; Owner: postgres
--

ALTER TABLE public.auth_user_user_permissions ALTER COLUMN id ADD GENERATED BY DEFAULT AS IDENTITY (
    SEQUENCE NAME public.auth_user_user_permissions_id_seq
    START WITH 1
    INCREMENT BY 1
    NO MINVALUE
    NO MAXVALUE
    CACHE 1
);


--
-- TOC entry 233 (class 1259 OID 20103)
-- Name: depense_categorie_csp; Type: TABLE; Schema: public; Owner: postgres
--

CREATE TABLE public.depense_categorie_csp (
    csp_name_id name,
    purchase_amount numeric,
    id bigint NOT NULL
);


ALTER TABLE public.depense_categorie_csp OWNER TO postgres;

--
-- TOC entry 234 (class 1259 OID 20132)
-- Name: depense_categorie_scp_id_seq; Type: SEQUENCE; Schema: public; Owner: postgres
--

CREATE SEQUENCE public.depense_categorie_scp_id_seq
    START WITH 1
    INCREMENT BY 1
    NO MINVALUE
    NO MAXVALUE
    CACHE 1;


ALTER TABLE public.depense_categorie_scp_id_seq OWNER TO postgres;

--
-- TOC entry 3523 (class 0 OID 0)
-- Dependencies: 234
-- Name: depense_categorie_scp_id_seq; Type: SEQUENCE OWNED BY; Schema: public; Owner: postgres
--

ALTER SEQUENCE public.depense_categorie_scp_id_seq OWNED BY public.depense_categorie_csp.id;


--
-- TOC entry 235 (class 1259 OID 20139)
-- Name: depense_panier_csp; Type: TABLE; Schema: public; Owner: postgres
--

CREATE TABLE public.depense_panier_csp (
    csp_name_id name,
    panier_csp numeric,
    id bigint NOT NULL
);


ALTER TABLE public.depense_panier_csp OWNER TO postgres;

--
-- TOC entry 236 (class 1259 OID 20197)
-- Name: depense_panier_moyen_csp_id_seq; Type: SEQUENCE; Schema: public; Owner: postgres
--

CREATE SEQUENCE public.depense_panier_moyen_csp_id_seq
    START WITH 1
    INCREMENT BY 1
    NO MINVALUE
    NO MAXVALUE
    CACHE 1;


ALTER TABLE public.depense_panier_moyen_csp_id_seq OWNER TO postgres;

--
-- TOC entry 3524 (class 0 OID 0)
-- Dependencies: 236
-- Name: depense_panier_moyen_csp_id_seq; Type: SEQUENCE OWNED BY; Schema: public; Owner: postgres
--

ALTER SEQUENCE public.depense_panier_moyen_csp_id_seq OWNED BY public.depense_panier_csp.id;


--
-- TOC entry 229 (class 1259 OID 20045)
-- Name: django_admin_log; Type: TABLE; Schema: public; Owner: postgres
--

CREATE TABLE public.django_admin_log (
    id integer NOT NULL,
    action_time timestamp with time zone NOT NULL,
    object_id text,
    object_repr character varying(200) NOT NULL,
    action_flag smallint NOT NULL,
    change_message text NOT NULL,
    content_type_id integer,
    user_id integer NOT NULL,
    CONSTRAINT django_admin_log_action_flag_check CHECK ((action_flag >= 0))
);


ALTER TABLE public.django_admin_log OWNER TO postgres;

--
-- TOC entry 228 (class 1259 OID 20044)
-- Name: django_admin_log_id_seq; Type: SEQUENCE; Schema: public; Owner: postgres
--

ALTER TABLE public.django_admin_log ALTER COLUMN id ADD GENERATED BY DEFAULT AS IDENTITY (
    SEQUENCE NAME public.django_admin_log_id_seq
    START WITH 1
    INCREMENT BY 1
    NO MINVALUE
    NO MAXVALUE
    CACHE 1
);


--
-- TOC entry 215 (class 1259 OID 19945)
-- Name: django_content_type; Type: TABLE; Schema: public; Owner: postgres
--

CREATE TABLE public.django_content_type (
    id integer NOT NULL,
    app_label character varying(100) NOT NULL,
    model character varying(100) NOT NULL
);


ALTER TABLE public.django_content_type OWNER TO postgres;

--
-- TOC entry 214 (class 1259 OID 19944)
-- Name: django_content_type_id_seq; Type: SEQUENCE; Schema: public; Owner: postgres
--

ALTER TABLE public.django_content_type ALTER COLUMN id ADD GENERATED BY DEFAULT AS IDENTITY (
    SEQUENCE NAME public.django_content_type_id_seq
    START WITH 1
    INCREMENT BY 1
    NO MINVALUE
    NO MAXVALUE
    CACHE 1
);


--
-- TOC entry 213 (class 1259 OID 19937)
-- Name: django_migrations; Type: TABLE; Schema: public; Owner: postgres
--

CREATE TABLE public.django_migrations (
    id bigint NOT NULL,
    app character varying(255) NOT NULL,
    name character varying(255) NOT NULL,
    applied timestamp with time zone NOT NULL
);


ALTER TABLE public.django_migrations OWNER TO postgres;

--
-- TOC entry 212 (class 1259 OID 19936)
-- Name: django_migrations_id_seq; Type: SEQUENCE; Schema: public; Owner: postgres
--

ALTER TABLE public.django_migrations ALTER COLUMN id ADD GENERATED BY DEFAULT AS IDENTITY (
    SEQUENCE NAME public.django_migrations_id_seq
    START WITH 1
    INCREMENT BY 1
    NO MINVALUE
    NO MAXVALUE
    CACHE 1
);


--
-- TOC entry 230 (class 1259 OID 20073)
-- Name: django_session; Type: TABLE; Schema: public; Owner: postgres
--

CREATE TABLE public.django_session (
    session_key character varying(40) NOT NULL,
    session_data text NOT NULL,
    expire_date timestamp with time zone NOT NULL
);


ALTER TABLE public.django_session OWNER TO postgres;

--
-- TOC entry 209 (class 1259 OID 19924)
-- Name: requete_anonymisees; Type: TABLE; Schema: public; Owner: postgres
--

CREATE TABLE public.requete_anonymisees (
    id_customer bigint,
    child_number integer,
    csp_name_id name,
    purchase_amount numeric,
    purchase_date date,
    nb_collect_id bigint,
    id bigint NOT NULL
);


ALTER TABLE public.requete_anonymisees OWNER TO postgres;

--
-- TOC entry 232 (class 1259 OID 20096)
-- Name: requete_anonymisees_id_seq; Type: SEQUENCE; Schema: public; Owner: postgres
--

CREATE SEQUENCE public.requete_anonymisees_id_seq
    START WITH 1
    INCREMENT BY 1
    NO MINVALUE
    NO MAXVALUE
    CACHE 1;


ALTER TABLE public.requete_anonymisees_id_seq OWNER TO postgres;

--
-- TOC entry 3525 (class 0 OID 0)
-- Dependencies: 232
-- Name: requete_anonymisees_id_seq; Type: SEQUENCE OWNED BY; Schema: public; Owner: postgres
--

ALTER SEQUENCE public.requete_anonymisees_id_seq OWNED BY public.requete_anonymisees.id;


--
-- TOC entry 211 (class 1259 OID 19932)
-- Name: requete_collecte; Type: TABLE; Schema: public; Owner: postgres
--

CREATE TABLE public.requete_collecte (
    nb_collect_id bigint,
    purchase_amount numeric,
    product_category_name_id name,
    id bigint NOT NULL
);


ALTER TABLE public.requete_collecte OWNER TO postgres;

--
-- TOC entry 231 (class 1259 OID 20082)
-- Name: requete_collecte_id_seq; Type: SEQUENCE; Schema: public; Owner: postgres
--

CREATE SEQUENCE public.requete_collecte_id_seq
    START WITH 1
    INCREMENT BY 1
    NO MINVALUE
    NO MAXVALUE
    CACHE 1;


ALTER TABLE public.requete_collecte_id_seq OWNER TO postgres;

--
-- TOC entry 3526 (class 0 OID 0)
-- Dependencies: 231
-- Name: requete_collecte_id_seq; Type: SEQUENCE OWNED BY; Schema: public; Owner: postgres
--

ALTER SEQUENCE public.requete_collecte_id_seq OWNED BY public.requete_collecte.id;


--
-- TOC entry 210 (class 1259 OID 19927)
-- Name: requete_donnees_anonymisees_client_id_customer_seq; Type: SEQUENCE; Schema: public; Owner: postgres
--

CREATE SEQUENCE public.requete_donnees_anonymisees_client_id_customer_seq
    START WITH 1
    INCREMENT BY 1
    NO MINVALUE
    NO MAXVALUE
    CACHE 1;


ALTER TABLE public.requete_donnees_anonymisees_client_id_customer_seq OWNER TO postgres;

--
-- TOC entry 3527 (class 0 OID 0)
-- Dependencies: 210
-- Name: requete_donnees_anonymisees_client_id_customer_seq; Type: SEQUENCE OWNED BY; Schema: public; Owner: postgres
--

ALTER SEQUENCE public.requete_donnees_anonymisees_client_id_customer_seq OWNED BY public.requete_anonymisees.id_customer;


--
-- TOC entry 3285 (class 2604 OID 20133)
-- Name: depense_categorie_csp id; Type: DEFAULT; Schema: public; Owner: postgres
--

ALTER TABLE ONLY public.depense_categorie_csp ALTER COLUMN id SET DEFAULT nextval('public.depense_categorie_scp_id_seq'::regclass);


--
-- TOC entry 3286 (class 2604 OID 20198)
-- Name: depense_panier_csp id; Type: DEFAULT; Schema: public; Owner: postgres
--

ALTER TABLE ONLY public.depense_panier_csp ALTER COLUMN id SET DEFAULT nextval('public.depense_panier_moyen_csp_id_seq'::regclass);


--
-- TOC entry 3281 (class 2604 OID 19928)
-- Name: requete_anonymisees id_customer; Type: DEFAULT; Schema: public; Owner: postgres
--

ALTER TABLE ONLY public.requete_anonymisees ALTER COLUMN id_customer SET DEFAULT nextval('public.requete_donnees_anonymisees_client_id_customer_seq'::regclass);


--
-- TOC entry 3282 (class 2604 OID 20097)
-- Name: requete_anonymisees id; Type: DEFAULT; Schema: public; Owner: postgres
--

ALTER TABLE ONLY public.requete_anonymisees ALTER COLUMN id SET DEFAULT nextval('public.requete_anonymisees_id_seq'::regclass);


--
-- TOC entry 3283 (class 2604 OID 20083)
-- Name: requete_collecte id; Type: DEFAULT; Schema: public; Owner: postgres
--

ALTER TABLE ONLY public.requete_collecte ALTER COLUMN id SET DEFAULT nextval('public.requete_collecte_id_seq'::regclass);


--
-- TOC entry 3500 (class 0 OID 19959)
-- Dependencies: 219
-- Data for Name: auth_group; Type: TABLE DATA; Schema: public; Owner: postgres
--

COPY public.auth_group (id, name) FROM stdin;
1	MarketingMembers
\.


--
-- TOC entry 3502 (class 0 OID 19967)
-- Dependencies: 221
-- Data for Name: auth_group_permissions; Type: TABLE DATA; Schema: public; Owner: postgres
--

COPY public.auth_group_permissions (id, group_id, permission_id) FROM stdin;
1	1	4
\.


--
-- TOC entry 3498 (class 0 OID 19953)
-- Dependencies: 217
-- Data for Name: auth_permission; Type: TABLE DATA; Schema: public; Owner: postgres
--

COPY public.auth_permission (id, name, content_type_id, codename) FROM stdin;
1	Can add log entry	1	add_logentry
2	Can change log entry	1	change_logentry
3	Can delete log entry	1	delete_logentry
4	Can view log entry	1	view_logentry
5	Can add permission	2	add_permission
6	Can change permission	2	change_permission
7	Can delete permission	2	delete_permission
8	Can view permission	2	view_permission
9	Can add group	3	add_group
10	Can change group	3	change_group
11	Can delete group	3	delete_group
12	Can view group	3	view_group
13	Can add user	4	add_user
14	Can change user	4	change_user
15	Can delete user	4	delete_user
16	Can view user	4	view_user
17	Can add content type	5	add_contenttype
18	Can change content type	5	change_contenttype
19	Can delete content type	5	delete_contenttype
20	Can view content type	5	view_contenttype
21	Can add session	6	add_session
22	Can change session	6	change_session
23	Can delete session	6	delete_session
24	Can view session	6	view_session
25	Can add requete anonymisees	7	add_requeteanonymisees
26	Can change requete anonymisees	7	change_requeteanonymisees
27	Can delete requete anonymisees	7	delete_requeteanonymisees
28	Can view requete anonymisees	7	view_requeteanonymisees
29	Can add requete collecte	8	add_requetecollecte
30	Can change requete collecte	8	change_requetecollecte
31	Can delete requete collecte	8	delete_requetecollecte
32	Can view requete collecte	8	view_requetecollecte
33	Can add requete anonymisees	9	add_requeteanonymisees
34	Can change requete anonymisees	9	change_requeteanonymisees
35	Can delete requete anonymisees	9	delete_requeteanonymisees
36	Can view requete anonymisees	9	view_requeteanonymisees
37	Can add requete collecte	10	add_requetecollecte
38	Can change requete collecte	10	change_requetecollecte
39	Can delete requete collecte	10	delete_requetecollecte
40	Can view requete collecte	10	view_requetecollecte
41	Can add data categorie prod csp	11	add_datacategorieprodcsp
42	Can change data categorie prod csp	11	change_datacategorieprodcsp
43	Can delete data categorie prod csp	11	delete_datacategorieprodcsp
44	Can view data categorie prod csp	11	view_datacategorieprodcsp
45	Can add data depense csp	12	add_datadepensecsp
46	Can change data depense csp	12	change_datadepensecsp
47	Can delete data depense csp	12	delete_datadepensecsp
48	Can view data depense csp	12	view_datadepensecsp
49	Can add data panier moyen csp	13	add_datapaniermoyencsp
50	Can change data panier moyen csp	13	change_datapaniermoyencsp
51	Can delete data panier moyen csp	13	delete_datapaniermoyencsp
52	Can view data panier moyen csp	13	view_datapaniermoyencsp
\.


--
-- TOC entry 3504 (class 0 OID 19973)
-- Dependencies: 223
-- Data for Name: auth_user; Type: TABLE DATA; Schema: public; Owner: postgres
--

COPY public.auth_user (id, password, last_login, is_superuser, username, first_name, last_name, email, is_staff, is_active, date_joined) FROM stdin;
2	pbkdf2_sha256$600000$OpBKPtaDUlteleUdRxgrVg$458yZ1pUPl02NFeVp49DduB9UWG4Bsri5VxzEuWRyfQ=	2023-05-22 13:32:06.757696+02	f	demo				f	t	2023-05-22 13:01:43+02
1	pbkdf2_sha256$600000$QGX9fepFkoa94qfpV3EMi3$7j2A78W95ldp6N/TEESWVlmjvpF+JrseiAR1vpa4/F8=	2023-05-22 18:25:06.751165+02	t	administrateur	Khaty	GUYET	k.guyet@gmail.com	t	t	2023-05-20 11:37:17+02
\.


--
-- TOC entry 3506 (class 0 OID 19981)
-- Dependencies: 225
-- Data for Name: auth_user_groups; Type: TABLE DATA; Schema: public; Owner: postgres
--

COPY public.auth_user_groups (id, user_id, group_id) FROM stdin;
1	2	1
\.


--
-- TOC entry 3508 (class 0 OID 19987)
-- Dependencies: 227
-- Data for Name: auth_user_user_permissions; Type: TABLE DATA; Schema: public; Owner: postgres
--

COPY public.auth_user_user_permissions (id, user_id, permission_id) FROM stdin;
\.


--
-- TOC entry 3514 (class 0 OID 20103)
-- Dependencies: 233
-- Data for Name: depense_categorie_csp; Type: TABLE DATA; Schema: public; Owner: postgres
--

COPY public.depense_categorie_csp (csp_name_id, purchase_amount, id) FROM stdin;
employé	50.00	11
employé	125.00	12
employé	100.00	13
employé	25.00	14
employé	25.00	15
employé	10.00	16
employé	25.00	17
employé	45.00	18
employé	50.00	19
employé	150.00	20
employé	50.00	21
artisan	50.00	22
artisan	125.00	23
artisan	100.00	24
artisan	25.00	25
artisan	25.00	26
artisan	10.00	27
artisan	25.00	28
artisan	45.00	29
artisan	50.00	30
artisan	150.00	31
artisan	50.00	32
cadre	50.00	33
cadre	125.00	34
cadre	100.00	35
cadre	25.00	36
cadre	25.00	37
cadre	10.00	38
cadre	25.00	39
cadre	45.00	40
cadre	50.00	41
cadre	150.00	42
cadre	50.00	43
cadre	50.00	44
cadre	125.00	45
cadre	100.00	46
cadre	25.00	47
cadre	25.00	48
cadre	10.00	49
cadre	25.00	50
cadre	45.00	51
cadre	50.00	52
cadre	150.00	53
cadre	50.00	54
employé	50.00	55
employé	125.00	56
employé	100.00	57
employé	25.00	58
employé	25.00	59
employé	10.00	60
employé	25.00	61
employé	45.00	62
employé	50.00	63
employé	150.00	64
employé	50.00	65
artisan	50.00	66
artisan	125.00	67
artisan	100.00	68
artisan	25.00	69
artisan	25.00	70
artisan	10.00	71
artisan	25.00	72
artisan	45.00	73
artisan	50.00	74
artisan	150.00	75
artisan	50.00	76
artisan	50.00	77
artisan	125.00	78
artisan	100.00	79
artisan	25.00	80
artisan	25.00	81
artisan	10.00	82
artisan	25.00	83
artisan	45.00	84
artisan	50.00	85
artisan	150.00	86
artisan	50.00	87
retraité	50.00	88
retraité	125.00	89
retraité	100.00	90
retraité	25.00	91
retraité	25.00	92
retraité	10.00	93
retraité	25.00	94
retraité	45.00	95
retraité	50.00	96
retraité	150.00	97
retraité	50.00	98
retraité	50.00	99
retraité	125.00	100
retraité	100.00	101
retraité	25.00	102
retraité	25.00	103
retraité	10.00	104
retraité	25.00	105
retraité	45.00	106
retraité	50.00	107
retraité	150.00	108
retraité	50.00	109
employé	50.00	110
employé	125.00	111
employé	100.00	112
employé	25.00	113
employé	25.00	114
employé	10.00	115
employé	25.00	116
employé	45.00	117
employé	50.00	118
employé	150.00	119
employé	50.00	120
\.


--
-- TOC entry 3516 (class 0 OID 20139)
-- Dependencies: 235
-- Data for Name: depense_panier_csp; Type: TABLE DATA; Schema: public; Owner: postgres
--

COPY public.depense_panier_csp (csp_name_id, panier_csp, id) FROM stdin;
artisan	1965.00	1
cadre	1310.00	2
retraité	1310.00	3
employé	1965.00	4
\.


--
-- TOC entry 3510 (class 0 OID 20045)
-- Dependencies: 229
-- Data for Name: django_admin_log; Type: TABLE DATA; Schema: public; Owner: postgres
--

COPY public.django_admin_log (id, action_time, object_id, object_repr, action_flag, change_message, content_type_id, user_id) FROM stdin;
1	2023-05-20 17:16:31.312522+02	11	RequeteCollecte object (11)	1	[{"added": {}}]	10	1
2	2023-05-22 11:45:09.62209+02	1	administrateur	2	[{"changed": {"fields": ["First name", "Last name"]}}]	4	1
3	2023-05-22 11:52:53.059657+02	1	MarketingMenbers	1	[{"added": {}}]	3	1
4	2023-05-22 11:53:32.894935+02	1	MarketingMembers	2	[{"changed": {"fields": ["Name"]}}]	3	1
5	2023-05-22 13:01:43.812264+02	2	demo	1	[{"added": {}}]	4	1
6	2023-05-22 13:02:24.986385+02	2	demo	2	[{"changed": {"fields": ["Groups"]}}]	4	1
\.


--
-- TOC entry 3496 (class 0 OID 19945)
-- Dependencies: 215
-- Data for Name: django_content_type; Type: TABLE DATA; Schema: public; Owner: postgres
--

COPY public.django_content_type (id, app_label, model) FROM stdin;
1	admin	logentry
2	auth	permission
3	auth	group
4	auth	user
5	contenttypes	contenttype
6	sessions	session
7	app_collect	requeteanonymisees
8	app_collect	requetecollecte
9	appcollect	requeteanonymisees
10	appcollect	requetecollecte
11	appcollect	datacategorieprodcsp
12	appcollect	datadepensecsp
13	appcollect	datapaniermoyencsp
\.


--
-- TOC entry 3494 (class 0 OID 19937)
-- Dependencies: 213
-- Data for Name: django_migrations; Type: TABLE DATA; Schema: public; Owner: postgres
--

COPY public.django_migrations (id, app, name, applied) FROM stdin;
1	contenttypes	0001_initial	2023-05-20 10:19:55.940975+02
2	auth	0001_initial	2023-05-20 10:19:56.044921+02
3	admin	0001_initial	2023-05-20 10:19:56.088912+02
4	admin	0002_logentry_remove_auto_add	2023-05-20 10:19:56.110912+02
5	admin	0003_logentry_add_action_flag_choices	2023-05-20 10:19:56.129606+02
6	contenttypes	0002_remove_content_type_name	2023-05-20 10:19:56.165764+02
7	auth	0002_alter_permission_name_max_length	2023-05-20 10:19:56.176324+02
8	auth	0003_alter_user_email_max_length	2023-05-20 10:19:56.185975+02
9	auth	0004_alter_user_username_opts	2023-05-20 10:19:56.196743+02
10	auth	0005_alter_user_last_login_null	2023-05-20 10:19:56.208789+02
11	auth	0006_require_contenttypes_0002	2023-05-20 10:19:56.212929+02
12	auth	0007_alter_validators_add_error_messages	2023-05-20 10:19:56.223494+02
13	auth	0008_alter_user_username_max_length	2023-05-20 10:19:56.239902+02
14	auth	0009_alter_user_last_name_max_length	2023-05-20 10:19:56.25013+02
15	auth	0010_alter_group_name_max_length	2023-05-20 10:19:56.262365+02
16	auth	0011_update_proxy_permissions	2023-05-20 10:19:56.278536+02
17	auth	0012_alter_user_first_name_max_length	2023-05-20 10:19:56.297168+02
18	sessions	0001_initial	2023-05-20 10:19:56.319473+02
19	app_collect	0001_initial	2023-05-20 10:21:23.016383+02
20	appcollect	0001_initial	2023-05-20 17:05:54.263654+02
21	appcollect	0002_datacategorieprodcsp	2023-05-21 19:38:54.324003+02
22	appcollect	0003_datadepensecsp_delete_datacategorieprodcsp	2023-05-21 19:56:17.86747+02
23	appcollect	0004_datapaniermoyencsp	2023-05-21 21:02:41.275452+02
\.


--
-- TOC entry 3511 (class 0 OID 20073)
-- Dependencies: 230
-- Data for Name: django_session; Type: TABLE DATA; Schema: public; Owner: postgres
--

COPY public.django_session (session_key, session_data, expire_date) FROM stdin;
q71o4oncb86o2h9kw5sqvzlauh2tnwlu	e30:1q12ps:AHRQE3n7ZDzpR6IGZZixHb5vffukyk1tkSTeeQftn_s	2023-06-05 12:32:16.564703+02
lpr3wqgo4435tbvdr5butccdi5ybs48q	.eJxVjDsOwyAQBe9CHSGWxXxSpvcZELAQnERYMnYV5e4RkoukfTPz3syHY6_-6HnzC7ErA3b53WJIz9wGoEdo95Wnte3bEvlQ-Ek7n1fKr9vp_h3U0OuodREBrHEARhUZHbmoYtBQjEQlyWosGY3QyQFNKAoSJItyUq4YYTL7fAHO6zce:1q18LK:Qfw_Cwh42sh3Old-sKmk7sTf6ZQy-H1i7YN5OQGmNoA	2023-06-05 18:25:06.755351+02
\.


--
-- TOC entry 3490 (class 0 OID 19924)
-- Dependencies: 209
-- Data for Name: requete_anonymisees; Type: TABLE DATA; Schema: public; Owner: postgres
--

COPY public.requete_anonymisees (id_customer, child_number, csp_name_id, purchase_amount, purchase_date, nb_collect_id, id) FROM stdin;
110	1	employé	50.00	2023-05-19	142	1
117	3	artisan	25.00	2023-05-19	149	2
114	3	cadre	125.00	2023-05-19	146	3
114	3	cadre	100.00	2023-05-19	146	4
115	2	employé	25.00	2023-05-19	147	5
126	2	artisan	25.00	2023-05-19	158	6
126	2	artisan	25.00	2023-05-19	158	7
123	1	retraité	75.00	2023-05-19	155	8
123	1	retraité	150.00	2023-05-19	155	9
121	2	employé	50.00	2023-05-19	153	10
\.


--
-- TOC entry 3492 (class 0 OID 19932)
-- Dependencies: 211
-- Data for Name: requete_collecte; Type: TABLE DATA; Schema: public; Owner: postgres
--

COPY public.requete_collecte (nb_collect_id, purchase_amount, product_category_name_id, id) FROM stdin;
142	50.00	bébé	1
146	125.00	adolescent	2
146	100.00	bébé	3
147	25.00	bébé	4
149	25.00	adulte	5
150	10.00	enfant	6
150	25.00	adulte	7
153	45.00	bébé	8
153	50.00	adolescent	9
155	150.00	enfant	10
147	50.00	bébé	11
\.


--
-- TOC entry 3528 (class 0 OID 0)
-- Dependencies: 218
-- Name: auth_group_id_seq; Type: SEQUENCE SET; Schema: public; Owner: postgres
--

SELECT pg_catalog.setval('public.auth_group_id_seq', 1, true);


--
-- TOC entry 3529 (class 0 OID 0)
-- Dependencies: 220
-- Name: auth_group_permissions_id_seq; Type: SEQUENCE SET; Schema: public; Owner: postgres
--

SELECT pg_catalog.setval('public.auth_group_permissions_id_seq', 1, true);


--
-- TOC entry 3530 (class 0 OID 0)
-- Dependencies: 216
-- Name: auth_permission_id_seq; Type: SEQUENCE SET; Schema: public; Owner: postgres
--

SELECT pg_catalog.setval('public.auth_permission_id_seq', 52, true);


--
-- TOC entry 3531 (class 0 OID 0)
-- Dependencies: 224
-- Name: auth_user_groups_id_seq; Type: SEQUENCE SET; Schema: public; Owner: postgres
--

SELECT pg_catalog.setval('public.auth_user_groups_id_seq', 1, true);


--
-- TOC entry 3532 (class 0 OID 0)
-- Dependencies: 222
-- Name: auth_user_id_seq; Type: SEQUENCE SET; Schema: public; Owner: postgres
--

SELECT pg_catalog.setval('public.auth_user_id_seq', 2, true);


--
-- TOC entry 3533 (class 0 OID 0)
-- Dependencies: 226
-- Name: auth_user_user_permissions_id_seq; Type: SEQUENCE SET; Schema: public; Owner: postgres
--

SELECT pg_catalog.setval('public.auth_user_user_permissions_id_seq', 1, false);


--
-- TOC entry 3534 (class 0 OID 0)
-- Dependencies: 234
-- Name: depense_categorie_scp_id_seq; Type: SEQUENCE SET; Schema: public; Owner: postgres
--

SELECT pg_catalog.setval('public.depense_categorie_scp_id_seq', 120, true);


--
-- TOC entry 3535 (class 0 OID 0)
-- Dependencies: 236
-- Name: depense_panier_moyen_csp_id_seq; Type: SEQUENCE SET; Schema: public; Owner: postgres
--

SELECT pg_catalog.setval('public.depense_panier_moyen_csp_id_seq', 4, true);


--
-- TOC entry 3536 (class 0 OID 0)
-- Dependencies: 228
-- Name: django_admin_log_id_seq; Type: SEQUENCE SET; Schema: public; Owner: postgres
--

SELECT pg_catalog.setval('public.django_admin_log_id_seq', 6, true);


--
-- TOC entry 3537 (class 0 OID 0)
-- Dependencies: 214
-- Name: django_content_type_id_seq; Type: SEQUENCE SET; Schema: public; Owner: postgres
--

SELECT pg_catalog.setval('public.django_content_type_id_seq', 13, true);


--
-- TOC entry 3538 (class 0 OID 0)
-- Dependencies: 212
-- Name: django_migrations_id_seq; Type: SEQUENCE SET; Schema: public; Owner: postgres
--

SELECT pg_catalog.setval('public.django_migrations_id_seq', 23, true);


--
-- TOC entry 3539 (class 0 OID 0)
-- Dependencies: 232
-- Name: requete_anonymisees_id_seq; Type: SEQUENCE SET; Schema: public; Owner: postgres
--

SELECT pg_catalog.setval('public.requete_anonymisees_id_seq', 10, true);


--
-- TOC entry 3540 (class 0 OID 0)
-- Dependencies: 231
-- Name: requete_collecte_id_seq; Type: SEQUENCE SET; Schema: public; Owner: postgres
--

SELECT pg_catalog.setval('public.requete_collecte_id_seq', 11, true);


--
-- TOC entry 3541 (class 0 OID 0)
-- Dependencies: 210
-- Name: requete_donnees_anonymisees_client_id_customer_seq; Type: SEQUENCE SET; Schema: public; Owner: postgres
--

SELECT pg_catalog.setval('public.requete_donnees_anonymisees_client_id_customer_seq', 1, false);


--
-- TOC entry 3304 (class 2606 OID 20071)
-- Name: auth_group auth_group_name_key; Type: CONSTRAINT; Schema: public; Owner: postgres
--

ALTER TABLE ONLY public.auth_group
    ADD CONSTRAINT auth_group_name_key UNIQUE (name);


--
-- TOC entry 3309 (class 2606 OID 20002)
-- Name: auth_group_permissions auth_group_permissions_group_id_permission_id_0cd325b0_uniq; Type: CONSTRAINT; Schema: public; Owner: postgres
--

ALTER TABLE ONLY public.auth_group_permissions
    ADD CONSTRAINT auth_group_permissions_group_id_permission_id_0cd325b0_uniq UNIQUE (group_id, permission_id);


--
-- TOC entry 3312 (class 2606 OID 19971)
-- Name: auth_group_permissions auth_group_permissions_pkey; Type: CONSTRAINT; Schema: public; Owner: postgres
--

ALTER TABLE ONLY public.auth_group_permissions
    ADD CONSTRAINT auth_group_permissions_pkey PRIMARY KEY (id);


--
-- TOC entry 3306 (class 2606 OID 19963)
-- Name: auth_group auth_group_pkey; Type: CONSTRAINT; Schema: public; Owner: postgres
--

ALTER TABLE ONLY public.auth_group
    ADD CONSTRAINT auth_group_pkey PRIMARY KEY (id);


--
-- TOC entry 3299 (class 2606 OID 19993)
-- Name: auth_permission auth_permission_content_type_id_codename_01ab375a_uniq; Type: CONSTRAINT; Schema: public; Owner: postgres
--

ALTER TABLE ONLY public.auth_permission
    ADD CONSTRAINT auth_permission_content_type_id_codename_01ab375a_uniq UNIQUE (content_type_id, codename);


--
-- TOC entry 3301 (class 2606 OID 19957)
-- Name: auth_permission auth_permission_pkey; Type: CONSTRAINT; Schema: public; Owner: postgres
--

ALTER TABLE ONLY public.auth_permission
    ADD CONSTRAINT auth_permission_pkey PRIMARY KEY (id);


--
-- TOC entry 3320 (class 2606 OID 19985)
-- Name: auth_user_groups auth_user_groups_pkey; Type: CONSTRAINT; Schema: public; Owner: postgres
--

ALTER TABLE ONLY public.auth_user_groups
    ADD CONSTRAINT auth_user_groups_pkey PRIMARY KEY (id);


--
-- TOC entry 3323 (class 2606 OID 20017)
-- Name: auth_user_groups auth_user_groups_user_id_group_id_94350c0c_uniq; Type: CONSTRAINT; Schema: public; Owner: postgres
--

ALTER TABLE ONLY public.auth_user_groups
    ADD CONSTRAINT auth_user_groups_user_id_group_id_94350c0c_uniq UNIQUE (user_id, group_id);


--
-- TOC entry 3314 (class 2606 OID 19977)
-- Name: auth_user auth_user_pkey; Type: CONSTRAINT; Schema: public; Owner: postgres
--

ALTER TABLE ONLY public.auth_user
    ADD CONSTRAINT auth_user_pkey PRIMARY KEY (id);


--
-- TOC entry 3326 (class 2606 OID 19991)
-- Name: auth_user_user_permissions auth_user_user_permissions_pkey; Type: CONSTRAINT; Schema: public; Owner: postgres
--

ALTER TABLE ONLY public.auth_user_user_permissions
    ADD CONSTRAINT auth_user_user_permissions_pkey PRIMARY KEY (id);


--
-- TOC entry 3329 (class 2606 OID 20031)
-- Name: auth_user_user_permissions auth_user_user_permissions_user_id_permission_id_14a6b632_uniq; Type: CONSTRAINT; Schema: public; Owner: postgres
--

ALTER TABLE ONLY public.auth_user_user_permissions
    ADD CONSTRAINT auth_user_user_permissions_user_id_permission_id_14a6b632_uniq UNIQUE (user_id, permission_id);


--
-- TOC entry 3317 (class 2606 OID 20066)
-- Name: auth_user auth_user_username_key; Type: CONSTRAINT; Schema: public; Owner: postgres
--

ALTER TABLE ONLY public.auth_user
    ADD CONSTRAINT auth_user_username_key UNIQUE (username);


--
-- TOC entry 3339 (class 2606 OID 20207)
-- Name: depense_categorie_csp depense_categorie_csp_pkey; Type: CONSTRAINT; Schema: public; Owner: postgres
--

ALTER TABLE ONLY public.depense_categorie_csp
    ADD CONSTRAINT depense_categorie_csp_pkey PRIMARY KEY (id);


--
-- TOC entry 3341 (class 2606 OID 20209)
-- Name: depense_panier_csp depense_panier_csp_pkey; Type: CONSTRAINT; Schema: public; Owner: postgres
--

ALTER TABLE ONLY public.depense_panier_csp
    ADD CONSTRAINT depense_panier_csp_pkey PRIMARY KEY (id);


--
-- TOC entry 3332 (class 2606 OID 20052)
-- Name: django_admin_log django_admin_log_pkey; Type: CONSTRAINT; Schema: public; Owner: postgres
--

ALTER TABLE ONLY public.django_admin_log
    ADD CONSTRAINT django_admin_log_pkey PRIMARY KEY (id);


--
-- TOC entry 3294 (class 2606 OID 19951)
-- Name: django_content_type django_content_type_app_label_model_76bd3d3b_uniq; Type: CONSTRAINT; Schema: public; Owner: postgres
--

ALTER TABLE ONLY public.django_content_type
    ADD CONSTRAINT django_content_type_app_label_model_76bd3d3b_uniq UNIQUE (app_label, model);


--
-- TOC entry 3296 (class 2606 OID 19949)
-- Name: django_content_type django_content_type_pkey; Type: CONSTRAINT; Schema: public; Owner: postgres
--

ALTER TABLE ONLY public.django_content_type
    ADD CONSTRAINT django_content_type_pkey PRIMARY KEY (id);


--
-- TOC entry 3292 (class 2606 OID 19943)
-- Name: django_migrations django_migrations_pkey; Type: CONSTRAINT; Schema: public; Owner: postgres
--

ALTER TABLE ONLY public.django_migrations
    ADD CONSTRAINT django_migrations_pkey PRIMARY KEY (id);


--
-- TOC entry 3336 (class 2606 OID 20079)
-- Name: django_session django_session_pkey; Type: CONSTRAINT; Schema: public; Owner: postgres
--

ALTER TABLE ONLY public.django_session
    ADD CONSTRAINT django_session_pkey PRIMARY KEY (session_key);


--
-- TOC entry 3288 (class 2606 OID 20102)
-- Name: requete_anonymisees requete_anonymisees_pkey; Type: CONSTRAINT; Schema: public; Owner: postgres
--

ALTER TABLE ONLY public.requete_anonymisees
    ADD CONSTRAINT requete_anonymisees_pkey PRIMARY KEY (id);


--
-- TOC entry 3290 (class 2606 OID 20088)
-- Name: requete_collecte requete_collecte_pkey; Type: CONSTRAINT; Schema: public; Owner: postgres
--

ALTER TABLE ONLY public.requete_collecte
    ADD CONSTRAINT requete_collecte_pkey PRIMARY KEY (id);


--
-- TOC entry 3302 (class 1259 OID 20072)
-- Name: auth_group_name_a6ea08ec_like; Type: INDEX; Schema: public; Owner: postgres
--

CREATE INDEX auth_group_name_a6ea08ec_like ON public.auth_group USING btree (name varchar_pattern_ops);


--
-- TOC entry 3307 (class 1259 OID 20013)
-- Name: auth_group_permissions_group_id_b120cbf9; Type: INDEX; Schema: public; Owner: postgres
--

CREATE INDEX auth_group_permissions_group_id_b120cbf9 ON public.auth_group_permissions USING btree (group_id);


--
-- TOC entry 3310 (class 1259 OID 20014)
-- Name: auth_group_permissions_permission_id_84c5c92e; Type: INDEX; Schema: public; Owner: postgres
--

CREATE INDEX auth_group_permissions_permission_id_84c5c92e ON public.auth_group_permissions USING btree (permission_id);


--
-- TOC entry 3297 (class 1259 OID 19999)
-- Name: auth_permission_content_type_id_2f476e4b; Type: INDEX; Schema: public; Owner: postgres
--

CREATE INDEX auth_permission_content_type_id_2f476e4b ON public.auth_permission USING btree (content_type_id);


--
-- TOC entry 3318 (class 1259 OID 20029)
-- Name: auth_user_groups_group_id_97559544; Type: INDEX; Schema: public; Owner: postgres
--

CREATE INDEX auth_user_groups_group_id_97559544 ON public.auth_user_groups USING btree (group_id);


--
-- TOC entry 3321 (class 1259 OID 20028)
-- Name: auth_user_groups_user_id_6a12ed8b; Type: INDEX; Schema: public; Owner: postgres
--

CREATE INDEX auth_user_groups_user_id_6a12ed8b ON public.auth_user_groups USING btree (user_id);


--
-- TOC entry 3324 (class 1259 OID 20043)
-- Name: auth_user_user_permissions_permission_id_1fbb5f2c; Type: INDEX; Schema: public; Owner: postgres
--

CREATE INDEX auth_user_user_permissions_permission_id_1fbb5f2c ON public.auth_user_user_permissions USING btree (permission_id);


--
-- TOC entry 3327 (class 1259 OID 20042)
-- Name: auth_user_user_permissions_user_id_a95ead1b; Type: INDEX; Schema: public; Owner: postgres
--

CREATE INDEX auth_user_user_permissions_user_id_a95ead1b ON public.auth_user_user_permissions USING btree (user_id);


--
-- TOC entry 3315 (class 1259 OID 20067)
-- Name: auth_user_username_6821ab7c_like; Type: INDEX; Schema: public; Owner: postgres
--

CREATE INDEX auth_user_username_6821ab7c_like ON public.auth_user USING btree (username varchar_pattern_ops);


--
-- TOC entry 3330 (class 1259 OID 20063)
-- Name: django_admin_log_content_type_id_c4bce8eb; Type: INDEX; Schema: public; Owner: postgres
--

CREATE INDEX django_admin_log_content_type_id_c4bce8eb ON public.django_admin_log USING btree (content_type_id);


--
-- TOC entry 3333 (class 1259 OID 20064)
-- Name: django_admin_log_user_id_c564eba6; Type: INDEX; Schema: public; Owner: postgres
--

CREATE INDEX django_admin_log_user_id_c564eba6 ON public.django_admin_log USING btree (user_id);


--
-- TOC entry 3334 (class 1259 OID 20081)
-- Name: django_session_expire_date_a5c62663; Type: INDEX; Schema: public; Owner: postgres
--

CREATE INDEX django_session_expire_date_a5c62663 ON public.django_session USING btree (expire_date);


--
-- TOC entry 3337 (class 1259 OID 20080)
-- Name: django_session_session_key_c0390e0f_like; Type: INDEX; Schema: public; Owner: postgres
--

CREATE INDEX django_session_session_key_c0390e0f_like ON public.django_session USING btree (session_key varchar_pattern_ops);


--
-- TOC entry 3344 (class 2606 OID 20008)
-- Name: auth_group_permissions auth_group_permissio_permission_id_84c5c92e_fk_auth_perm; Type: FK CONSTRAINT; Schema: public; Owner: postgres
--

ALTER TABLE ONLY public.auth_group_permissions
    ADD CONSTRAINT auth_group_permissio_permission_id_84c5c92e_fk_auth_perm FOREIGN KEY (permission_id) REFERENCES public.auth_permission(id) DEFERRABLE INITIALLY DEFERRED;


--
-- TOC entry 3343 (class 2606 OID 20003)
-- Name: auth_group_permissions auth_group_permissions_group_id_b120cbf9_fk_auth_group_id; Type: FK CONSTRAINT; Schema: public; Owner: postgres
--

ALTER TABLE ONLY public.auth_group_permissions
    ADD CONSTRAINT auth_group_permissions_group_id_b120cbf9_fk_auth_group_id FOREIGN KEY (group_id) REFERENCES public.auth_group(id) DEFERRABLE INITIALLY DEFERRED;


--
-- TOC entry 3342 (class 2606 OID 19994)
-- Name: auth_permission auth_permission_content_type_id_2f476e4b_fk_django_co; Type: FK CONSTRAINT; Schema: public; Owner: postgres
--

ALTER TABLE ONLY public.auth_permission
    ADD CONSTRAINT auth_permission_content_type_id_2f476e4b_fk_django_co FOREIGN KEY (content_type_id) REFERENCES public.django_content_type(id) DEFERRABLE INITIALLY DEFERRED;


--
-- TOC entry 3346 (class 2606 OID 20023)
-- Name: auth_user_groups auth_user_groups_group_id_97559544_fk_auth_group_id; Type: FK CONSTRAINT; Schema: public; Owner: postgres
--

ALTER TABLE ONLY public.auth_user_groups
    ADD CONSTRAINT auth_user_groups_group_id_97559544_fk_auth_group_id FOREIGN KEY (group_id) REFERENCES public.auth_group(id) DEFERRABLE INITIALLY DEFERRED;


--
-- TOC entry 3345 (class 2606 OID 20018)
-- Name: auth_user_groups auth_user_groups_user_id_6a12ed8b_fk_auth_user_id; Type: FK CONSTRAINT; Schema: public; Owner: postgres
--

ALTER TABLE ONLY public.auth_user_groups
    ADD CONSTRAINT auth_user_groups_user_id_6a12ed8b_fk_auth_user_id FOREIGN KEY (user_id) REFERENCES public.auth_user(id) DEFERRABLE INITIALLY DEFERRED;


--
-- TOC entry 3348 (class 2606 OID 20037)
-- Name: auth_user_user_permissions auth_user_user_permi_permission_id_1fbb5f2c_fk_auth_perm; Type: FK CONSTRAINT; Schema: public; Owner: postgres
--

ALTER TABLE ONLY public.auth_user_user_permissions
    ADD CONSTRAINT auth_user_user_permi_permission_id_1fbb5f2c_fk_auth_perm FOREIGN KEY (permission_id) REFERENCES public.auth_permission(id) DEFERRABLE INITIALLY DEFERRED;


--
-- TOC entry 3347 (class 2606 OID 20032)
-- Name: auth_user_user_permissions auth_user_user_permissions_user_id_a95ead1b_fk_auth_user_id; Type: FK CONSTRAINT; Schema: public; Owner: postgres
--

ALTER TABLE ONLY public.auth_user_user_permissions
    ADD CONSTRAINT auth_user_user_permissions_user_id_a95ead1b_fk_auth_user_id FOREIGN KEY (user_id) REFERENCES public.auth_user(id) DEFERRABLE INITIALLY DEFERRED;


--
-- TOC entry 3349 (class 2606 OID 20053)
-- Name: django_admin_log django_admin_log_content_type_id_c4bce8eb_fk_django_co; Type: FK CONSTRAINT; Schema: public; Owner: postgres
--

ALTER TABLE ONLY public.django_admin_log
    ADD CONSTRAINT django_admin_log_content_type_id_c4bce8eb_fk_django_co FOREIGN KEY (content_type_id) REFERENCES public.django_content_type(id) DEFERRABLE INITIALLY DEFERRED;


--
-- TOC entry 3350 (class 2606 OID 20058)
-- Name: django_admin_log django_admin_log_user_id_c564eba6_fk_auth_user_id; Type: FK CONSTRAINT; Schema: public; Owner: postgres
--

ALTER TABLE ONLY public.django_admin_log
    ADD CONSTRAINT django_admin_log_user_id_c564eba6_fk_auth_user_id FOREIGN KEY (user_id) REFERENCES public.auth_user(id) DEFERRABLE INITIALLY DEFERRED;


-- Completed on 2023-05-25 13:08:58 CEST

--
-- PostgreSQL database dump complete
--
